-- insert into global_settings (code, name, value) values ('MULTIUSER_MODE', 'Многопользовательский режим', 'NO');
-- insert into global_settings (code, name, value) values ('POST_PREMODERATION', 'Премодерация постов', 'YES');
-- insert into global_settings (code, name, value) values ('STATISTICS_IS_PUBLIC', 'Показывать всем статистику блога', 'YES');

-- insert into users (id, email, is_moderator, name, password, reg_time) values (1, 'glickess0@soundcloud.com', 1, 'Gena', 'B0gTBu', '2022-01-30 07:14:22');
-- insert into users (id, email, is_moderator, name, password, reg_time) values (2, 'hkinny1@columbia.edu', 0, 'Henrik', 'OeNNcQEA9t', '2021-08-19 23:39:17');
-- insert into users (id, email, is_moderator, name, password, reg_time) values (3, 'pdedrick2@tuttocitta.it', 0, 'Paulita', 'VFzLFOSNX', '2021-08-18 07:07:27');
-- insert into users (id, email, is_moderator, name, password, reg_time) values (4, 'crivel3@state.gov', 1, 'Caril', 'EM304v', '2021-10-17 20:24:41');
-- insert into users (id, email, is_moderator, name, password, reg_time) values (5, 'bpropper4@instagram.com', 1, 'Bride', 'KVs0bZ', '2021-07-19 09:53:06');
-- insert into users (id, email, is_moderator, name, password, reg_time) values (6, 'hjados5@squarespace.com', 1, 'Hertha', 'q9D6m2', '2021-04-20 11:21:02');
-- insert into users (id, email, is_moderator, name, password, reg_time) values (7, 'fmordin6@ebay.co.uk', 1, 'Falkner', 'Bz6P6iFCDIsN', '2021-12-24 03:34:17');
-- insert into users (id, email, is_moderator, name, password, reg_time) values (8, 'bcrowche7@mysql.com', 1, 'Blake', 'CmhZBWoB7z', '2021-11-14 08:20:05');
-- insert into users (id, email, is_moderator, name, password, reg_time) values (9, 'mpember8@princeton.edu', 0, 'Marian', 'EzCf5fJB', '2021-07-20 01:25:33');
-- insert into users (id, email, is_moderator, name, password, reg_time) values (10, 'wwakeman9@bloglovin.com', 0, 'Willard', 'AWinBvVZGaU', '2021-02-14 13:10:16');
-- insert into users (id, email, is_moderator, name, password, reg_time) values (11, 'kbernadota@slate.com', 1, 'Krystal', 'C5GEP5WPYD6W', '2021-04-27 03:59:05');
-- insert into users (id, email, is_moderator, name, password, reg_time) values (12, 'dyakovichb@ucsd.edu', 0, 'Dione', '9zAcPr3', '2021-07-09 08:26:13');
-- insert into users (id, email, is_moderator, name, password, reg_time) values (13, 'wmedlandc@europa.eu', 0, 'Wallache', 'qu0ckoGdQ6ll', '2022-01-07 11:05:14');
-- insert into users (id, email, is_moderator, name, password, reg_time) values (14, 'ahinnerkd@barnesandnoble.com', 1, 'Ag', 'WzpMHfWFY0G', '2022-01-13 11:22:32');
-- insert into users (id, email, is_moderator, name, password, reg_time) values (15, 'berdese@cbslocal.com', 1, 'Beverlie', 'Ga0Akq', '2021-05-29 20:50:24');
-- insert into users (id, email, is_moderator, name, password, reg_time) values (16, 'alethabridgef@wikispaces.com', 1, 'Alene', 'JB8yZoAk22U', '2021-06-15 05:21:46');
-- insert into users (id, email, is_moderator, name, password, reg_time) values (17, 'wduplockg@blog.com', 1, 'Westbrooke', 'mNiid2UZ76', '2021-03-10 02:39:38');
-- insert into users (id, email, is_moderator, name, password, reg_time) values (18, 'cgromleyh@wordpress.com', 0, 'Chester', 'WPmoqoCc0', '2021-02-10 14:33:21');
-- insert into users (id, email, is_moderator, name, password, reg_time) values (19, 'cbehni@princeton.edu', 0, 'Carolus', 'y9nxX8I', '2021-05-04 08:19:07');
-- insert into users (id, email, is_moderator, name, password, reg_time) values (20, 'dwhitecrossj@narod.ru', 1, 'Dwain', 'GuJJlFGSpWa', '2021-03-05 13:53:41');
-- insert into users (id, email, is_moderator, name, password, reg_time) values (21, 'llarmork@wufoo.com', 0, 'Lalo', '9LY44RtTN8i5', '2021-10-06 05:21:01');
-- insert into users (id, email, is_moderator, name, password, reg_time) values (22, 'ndashperl@paypal.com', 0, 'Nonie', 'nn65KXCK6s', '2021-12-02 03:37:18');
-- insert into users (id, email, is_moderator, name, password, reg_time) values (23, 'smagrannellm@boston.com', 0, 'Sibelle', 'pEROexUXQbdr', '2021-02-11 06:17:39');
-- insert into users (id, email, is_moderator, name, password, reg_time) values (24, 'glytlen@theglobeandmail.com', 1, 'Gabriele', 'dCA8skhcd', '2021-03-26 11:52:57');
-- insert into users (id, email, is_moderator, name, password, reg_time) values (25, 'welvidgeo@go.com', 0, 'Wilmer', 'hpNmzjZ', '2021-08-23 21:27:50');
-- insert into users (id, email, is_moderator, name, password, reg_time) values (26, 'aaxelp@oaic.gov.au', 0, 'Amandie', 'sLXaxCxNs', '2021-07-22 06:15:09');
-- insert into users (id, email, is_moderator, name, password, reg_time) values (27, 'ochamberlayneq@adobe.com', 1, 'Orlando', 'vDkr1pq', '2021-04-20 07:55:05');
-- insert into users (id, email, is_moderator, name, password, reg_time) values (28, 'gjohlr@adobe.com', 0, 'Gabriela', 'Yhyyjp', '2021-12-25 12:55:23');
-- insert into users (id, email, is_moderator, name, password, reg_time) values (29, 'jbartomeus@stumbleupon.com', 1, 'Jayme', 'egbt5zOl8slj', '2021-04-03 06:51:13');
-- insert into users (id, email, is_moderator, name, password, reg_time) values (30, 'bwattinhamt@economist.com', 1, 'Brear', 'GLBSiE2', '2021-05-07 18:13:24');
-- insert into users (id, email, is_moderator, name, password, reg_time) values (31, 'gmurrowu@washington.edu', 0, 'Gabby', 'Hi3N5J92l', '2021-04-30 22:38:31');
-- insert into users (id, email, is_moderator, name, password, reg_time) values (32, 'pdallinv@craigslist.org', 1, 'Pascal', 'LFoWrjR', '2021-09-28 09:20:48');
-- insert into users (id, email, is_moderator, name, password, reg_time) values (33, 'zpoytherasw@shop-pro.jp', 0, 'Zedekiah', 'lAcJFEuAf', '2021-10-21 08:01:52');
-- insert into users (id, email, is_moderator, name, password, reg_time) values (34, 'mrugglesx@naver.com', 0, 'Merilee', 'ajuM9gtB', '2021-08-04 12:10:28');
-- insert into users (id, email, is_moderator, name, password, reg_time) values (35, 'brusky@xrea.com', 1, 'Berget', 'lVE8WNr', '2021-07-10 09:42:00');
-- insert into users (id, email, is_moderator, name, password, reg_time) values (36, 'crichardsz@feedburner.com', 0, 'Currie', 'xgVYv0Xsx', '2021-10-21 09:24:27');
-- insert into users (id, email, is_moderator, name, password, reg_time) values (37, 'pwindas10@newyorker.com', 0, 'Patsy', 'RloqoAr', '2021-06-16 00:43:17');
-- insert into users (id, email, is_moderator, name, password, reg_time) values (38, 'crosingdall11@nps.gov', 0, 'Cheslie', 'Jv4I0V6t', '2021-04-27 22:05:07');
-- insert into users (id, email, is_moderator, name, password, reg_time) values (39, 'polivelli12@yellowpages.com', 1, 'Perrine', '5EwcCWmrHXq', '2021-12-21 07:58:53');
-- insert into users (id, email, is_moderator, name, password, reg_time) values (40, 'fgrainge13@livejournal.com', 1, 'Fianna', 'ZAbVpd6V', '2022-01-06 05:33:24');
-- insert into users (id, email, is_moderator, name, password, reg_time) values (41, 'ckeesman14@wikia.com', 0, 'Chicky', 'aSnytm', '2021-04-13 10:40:16');
-- insert into users (id, email, is_moderator, name, password, reg_time) values (42, 'csoutherns15@independent.co.uk', 0, 'Camellia', 'Lp3wXDyrst', '2021-04-16 16:13:26');
-- insert into users (id, email, is_moderator, name, password, reg_time) values (43, 'llawful16@ning.com', 1, 'Lowrance', '7BDAGXImm', '2021-06-03 06:02:08');
-- insert into users (id, email, is_moderator, name, password, reg_time) values (44, 'lgibby17@paypal.com', 1, 'Lesley', 'yx4v1PA', '2021-12-23 02:41:23');
-- insert into users (id, email, is_moderator, name, password, reg_time) values (45, 'hvivers18@java.com', 0, 'Hasty', 'ederZdpvl', '2021-06-21 19:08:07');
-- insert into users (id, email, is_moderator, name, password, reg_time) values (46, 'fwellesley19@statcounter.com', 1, 'Fan', 'HPp8crWd', '2021-12-04 03:10:00');
-- insert into users (id, email, is_moderator, name, password, reg_time) values (47, 'cmatussow1a@addthis.com', 0, 'Clive', 'bElbhn8JC', '2021-07-04 02:58:49');
-- insert into users (id, email, is_moderator, name, password, reg_time) values (48, 'gleaburn1b@fotki.com', 1, 'Gardner', 'pohGdyTm5nq', '2021-08-31 10:46:22');
-- insert into users (id, email, is_moderator, name, password, reg_time) values (49, 'ppargiter1c@sogou.com', 0, 'Parrnell', '1d6Qq7pZE4h', '2022-01-08 03:11:09');
-- insert into users (id, email, is_moderator, name, password, reg_time) values (50, 'fsibly1d@hao123.com', 1, 'Fredi', '0kMk2A', '2021-05-24 22:44:20');
-- insert into users (id, email, is_moderator, name, password, reg_time) values (51, 'nalban1e@shareasale.com', 0, 'Nero', 'Fl4QwE', '2021-06-08 07:49:48');
-- insert into users (id, email, is_moderator, name, password, reg_time) values (52, 'parnaud1f@ucoz.ru', 0, 'Padraig', 'ozK0ZKXVi2yG', '2021-11-12 12:42:07');
-- insert into users (id, email, is_moderator, name, password, reg_time) values (53, 'nciccottio1g@marketwatch.com', 1, 'Nataniel', 'BqgNZEG', '2021-07-17 14:19:34');
-- insert into users (id, email, is_moderator, name, password, reg_time) values (54, 'aflores1h@psu.edu', 0, 'Amber', 'JjIGYgF', '2021-03-22 20:50:41');
-- insert into users (id, email, is_moderator, name, password, reg_time) values (55, 'dgowen1i@paypal.com', 0, 'Doloritas', 'GZjw8VFN', '2021-05-10 18:51:40');
-- insert into users (id, email, is_moderator, name, password, reg_time) values (56, 'bdashkovich1j@mac.com', 1, 'Brita', '3JH0Y27iNST', '2021-10-07 14:47:46');
-- insert into users (id, email, is_moderator, name, password, reg_time) values (57, 'bbosman1k@twitter.com', 1, 'Bea', 'OTEx1x', '2021-07-15 00:07:00');
-- insert into users (id, email, is_moderator, name, password, reg_time) values (58, 'iesley1l@sourceforge.net', 0, 'Isac', 'JCFHRKooT', '2021-04-16 17:51:29');
-- insert into users (id, email, is_moderator, name, password, reg_time) values (59, 'hsymondson1m@google.com.hk', 1, 'Hanson', 'ulRO8TO', '2021-05-26 01:29:41');
-- insert into users (id, email, is_moderator, name, password, reg_time) values (60, 'hmalam1n@businessinsider.com', 0, 'Harris', 'j6bH8sR6Z', '2021-07-13 11:08:59');
-- insert into users (id, email, is_moderator, name, password, reg_time) values (61, 'jpreston1o@gmpg.org', 1, 'Jamill', 'tLjQ3J', '2021-02-10 07:54:03');
-- insert into users (id, email, is_moderator, name, password, reg_time) values (62, 'pheaton1p@arstechnica.com', 1, 'Pris', 'Ipv8CL8', '2021-07-02 18:39:18');
-- insert into users (id, email, is_moderator, name, password, reg_time) values (63, 'nmuldrew1q@live.com', 1, 'Noelle', 'ZMe3junll', '2021-12-20 05:56:46');
-- insert into users (id, email, is_moderator, name, password, reg_time) values (64, 'rpetegrew1r@artisteer.com', 0, 'Reese', 'w9PQZmCFt', '2021-11-24 13:28:16');
-- insert into users (id, email, is_moderator, name, password, reg_time) values (65, 'uyakovlev1s@stumbleupon.com', 0, 'Ulla', 't8QLte', '2021-07-22 08:17:45');
-- insert into users (id, email, is_moderator, name, password, reg_time) values (66, 'cfavill1t@umich.edu', 1, 'Cayla', 'etnDf0yEhE', '2021-04-18 12:33:42');
-- insert into users (id, email, is_moderator, name, password, reg_time) values (67, 'etoffolo1u@pagesperso-orange.fr', 1, 'Elisabetta', 'hneYC4m6E', '2021-09-26 03:46:00');
-- insert into users (id, email, is_moderator, name, password, reg_time) values (68, 'mfields1v@unicef.org', 1, 'Mervin', 'GvVn1LAeC3', '2021-05-07 09:46:30');
-- insert into users (id, email, is_moderator, name, password, reg_time) values (69, 'slagne1w@nationalgeographic.com', 1, 'Stanislaus', 'ztmdpq', '2021-03-20 17:34:46');
-- insert into users (id, email, is_moderator, name, password, reg_time) values (70, 'mrootham1x@quantcast.com', 0, 'Mela', '02zjDpEURzbQ', '2021-03-31 19:08:50');
-- insert into users (id, email, is_moderator, name, password, reg_time) values (71, 'jkedward1y@webs.com', 0, 'Jeth', 'dmlZd5ShCw', '2021-12-13 18:34:02');
-- insert into users (id, email, is_moderator, name, password, reg_time) values (72, 'jscrease1z@hostgator.com', 0, 'Janelle', 'XvvhiXxgrxfc', '2021-12-16 09:41:50');
-- insert into users (id, email, is_moderator, name, password, reg_time) values (73, 'tplace20@un.org', 0, 'Tonnie', 'Aysmyx27', '2021-02-21 16:02:34');
-- insert into users (id, email, is_moderator, name, password, reg_time) values (74, 'aredhead21@xrea.com', 1, 'Annora', 'ZQkHyg', '2021-05-07 23:07:21');
-- insert into users (id, email, is_moderator, name, password, reg_time) values (75, 'kbalaisot22@arizona.edu', 1, 'Karil', 'OUE8TVO', '2021-11-02 03:26:50');
-- insert into users (id, email, is_moderator, name, password, reg_time) values (76, 'llamport23@huffingtonpost.com', 1, 'Lucais', 'xZxnNreh', '2021-05-29 22:50:24');
-- insert into users (id, email, is_moderator, name, password, reg_time) values (77, 'borrom24@nih.gov', 0, 'Barbara', 'KvYH9kLfv', '2022-01-15 00:04:04');
-- insert into users (id, email, is_moderator, name, password, reg_time) values (78, 'vhartness25@icio.us', 1, 'Violet', '51xUrJULew9G', '2021-04-08 08:12:34');
-- insert into users (id, email, is_moderator, name, password, reg_time) values (79, 'ebrizland26@columbia.edu', 0, 'Eugenia', '79CsLK', '2021-04-06 12:46:01');
-- insert into users (id, email, is_moderator, name, password, reg_time) values (80, 'kabilowitz27@mysql.com', 0, 'Krystyna', 'UpQJDVmAeTCT', '2021-10-30 00:57:54');
-- insert into users (id, email, is_moderator, name, password, reg_time) values (81, 'bdiloway28@artisteer.com', 1, 'Britteny', 'YdE86fKn', '2021-11-07 06:15:54');
-- insert into users (id, email, is_moderator, name, password, reg_time) values (82, 'eleatherborrow29@technorati.com', 1, 'Ethyl', 'bZ3HySVNugVW', '2022-01-31 13:58:28');
-- insert into users (id, email, is_moderator, name, password, reg_time) values (83, 'bhawkslee2a@home.pl', 1, 'Brietta', '963WJzisoe0h', '2021-07-25 19:40:16');
-- insert into users (id, email, is_moderator, name, password, reg_time) values (84, 'bsanger2b@vimeo.com', 1, 'Bobby', 'vNTs9mUHZ', '2021-08-05 17:23:45');
-- insert into users (id, email, is_moderator, name, password, reg_time) values (85, 'skildale2c@economist.com', 0, 'Sharron', 'aI0H1NGGJc79', '2021-06-17 13:15:30');
-- insert into users (id, email, is_moderator, name, password, reg_time) values (86, 'ccoxon2d@loc.gov', 1, 'Caleb', 'yoj3KYR', '2022-01-06 03:18:06');
-- insert into users (id, email, is_moderator, name, password, reg_time) values (87, 'achampken2e@desdev.cn', 0, 'Ad', 'oKqR4NY', '2021-03-05 00:20:32');
-- insert into users (id, email, is_moderator, name, password, reg_time) values (88, 'tkrammer2f@npr.org', 1, 'Teddie', 'qXSBwU0SJMxd', '2021-08-30 08:32:49');
-- insert into users (id, email, is_moderator, name, password, reg_time) values (89, 'hhabble2g@archive.org', 1, 'Hugues', 'XKI7Cxn', '2021-12-28 12:13:30');
-- insert into users (id, email, is_moderator, name, password, reg_time) values (90, 'jorgee2h@soup.io', 0, 'Jillane', 'cb3xuO', '2021-09-07 04:12:20');
-- insert into users (id, email, is_moderator, name, password, reg_time) values (91, 'tohm2i@netlog.com', 1, 'Torry', 'cVmYcqr4uI9', '2021-04-23 08:01:57');
-- insert into users (id, email, is_moderator, name, password, reg_time) values (92, 'gdoutch2j@upenn.edu', 1, 'Gabbi', 'lC2rUOBtP9', '2021-10-25 18:39:12');
-- insert into users (id, email, is_moderator, name, password, reg_time) values (93, 'ldewing2k@wisc.edu', 1, 'Loren', 'VzxQ4FfwPo', '2021-12-06 15:10:53');
-- insert into users (id, email, is_moderator, name, password, reg_time) values (94, 'adudden2l@dion.ne.jp', 1, 'Adriano', 'J8xnHZP3i4X', '2022-01-16 15:02:28');
-- insert into users (id, email, is_moderator, name, password, reg_time) values (95, 'bfrenchum2m@businessweek.com', 0, 'Bonita', '1MIjrpUAr', '2021-06-22 23:49:36');
-- insert into users (id, email, is_moderator, name, password, reg_time) values (96, 'cruppeli2n@liveinternet.ru', 1, 'Creighton', 'RiiTson49', '2021-08-13 15:54:46');
-- insert into users (id, email, is_moderator, name, password, reg_time) values (97, 'psamarth2o@businessweek.com', 1, 'Philip', '90FKoGp', '2021-12-23 13:00:58');
-- insert into users (id, email, is_moderator, name, password, reg_time) values (98, 'lnotton2p@telegraph.co.uk', 1, 'Lynn', 'FXOXPU9Ss14', '2022-01-25 09:19:20');
-- insert into users (id, email, is_moderator, name, password, reg_time) values (99, 'bmckew2q@toplist.cz', 1, 'Bren', 'irW8hRPqaJZ', '2021-03-30 12:25:39');
-- insert into users (id, email, is_moderator, name, password, reg_time) values (100, 'hlong2r@weather.com', 0, 'Hally', 'HgLbrbs', '2021-11-01 17:06:58');

insert into posts (id, is_active, user_id, time, title, text, view_count) values (1, 1, 39, '2021-09-11 04:32:56', 'African Cats', 'Cras pellentesque volutpat dui. Maecenas tristique, est et tempus semper, est quam pharetra magna, ac consequat metus sapien ut nunc.', 2508);
insert into posts (id, is_active, user_id, time, title, text, view_count) values (2, 1, 44, '2021-08-31 14:35:31', 'Jönssonligan & den svarta diamanten', 'Quisque ut erat.', 7561);
insert into posts (id, is_active, user_id, time, title, text, view_count) values (3, 1, 88, '2021-10-16 09:41:56', 'Blue Ruin', 'Aliquam augue quam, sollicitudin vitae, consectetuer eget, rutrum at, lorem.', 2546);
insert into posts (id, is_active, user_id, time, title, text, view_count) values (4, 1, 85, '2021-08-17 14:21:43', 'Take, The', 'Ut tellus. Nulla ut erat id mauris vulputate elementum.', 7077);
insert into posts (id, is_active, user_id, time, title, text, view_count) values (5, 1, 90, '2021-04-26 22:33:12', 'Diary of a Wimpy Kid', 'Proin eu mi.', 5103);
insert into posts (id, is_active, user_id, time, title, text, view_count) values (6, 0, 29, '2021-07-17 09:14:57', 'Fear and Trembling (Stupeur et tremblements)', 'Morbi porttitor lorem id ligula.', 7430);
insert into posts (id, is_active, user_id, time, title, text, view_count) values (7, 0, 3, '2021-02-18 09:29:34', 'Blood Beast Terror, The', 'Nulla ut erat id mauris vulputate elementum.', 3524);
insert into posts (id, is_active, user_id, time, title, text, view_count) values (8, 0, 68, '2021-08-08 15:23:17', 'Wicked', 'Etiam justo. Etiam pretium iaculis justo.', 7391);
insert into posts (id, is_active, user_id, time, title, text, view_count) values (9, 1, 94, '2021-12-16 09:30:52', 'Elegy', 'Aenean sit amet justo. Morbi ut odio.', 7014);
insert into posts (id, is_active, user_id, time, title, text, view_count) values (10, 0, 66, '2021-10-30 08:10:02', 'Sound of the Mountain (Thunder of the Mountain, The) (Yama no oto)', 'Pellentesque at nulla.', 1344);
insert into posts (id, is_active, user_id, time, title, text, view_count) values (11, 0, 58, '2021-11-08 00:39:02', 'Red Lights', 'Cras pellentesque volutpat dui.', 3315);
insert into posts (id, is_active, user_id, time, title, text, view_count) values (12, 0, 95, '2021-03-11 15:43:06', 'Aliens', 'In hac habitasse platea dictumst.', 3306);
insert into posts (id, is_active, user_id, time, title, text, view_count) values (13, 0, 6, '2021-12-13 13:16:43', 'Almost Heroes', 'Curabitur gravida nisi at nibh.', 2817);
insert into posts (id, is_active, user_id, time, title, text, view_count) values (14, 1, 54, '2021-06-20 00:56:49', 'This Is 40', 'Fusce posuere felis sed lacus. Morbi sem mauris, laoreet ut, rhoncus aliquet, pulvinar sed, nisl.', 1649);
insert into posts (id, is_active, user_id, time, title, text, view_count) values (15, 0, 99, '2022-01-16 02:30:01', 'Young and Innocent', 'In hac habitasse platea dictumst. Aliquam augue quam, sollicitudin vitae, consectetuer eget, rutrum at, lorem.', 6713);
insert into posts (id, is_active, user_id, time, title, text, view_count) values (16, 1, 68, '2021-10-01 13:27:29', 'Zenith', 'Quisque porta volutpat erat. Quisque erat eros, viverra eget, congue eget, semper rutrum, nulla.', 8264);
insert into posts (id, is_active, user_id, time, title, text, view_count) values (17, 0, 74, '2021-03-27 14:16:10', 'Godspeed', 'Sed accumsan felis. Ut at dolor quis odio consequat varius.', 3679);
insert into posts (id, is_active, user_id, time, title, text, view_count) values (18, 0, 33, '2021-06-13 15:54:30', 'Limelight', 'Aliquam sit amet diam in magna bibendum imperdiet.', 4564);
insert into posts (id, is_active, user_id, time, title, text, view_count) values (19, 1, 10, '2021-03-02 23:30:44', 'Circle of Iron', 'Nulla facilisi.', 7241);
insert into posts (id, is_active, user_id, time, title, text, view_count) values (20, 1, 31, '2021-10-05 03:09:32', 'Tokyo Story (Tôkyô monogatari)', 'In blandit ultrices enim. Lorem ipsum dolor sit amet, consectetuer adipiscing elit.', 9465);
insert into posts (id, is_active, user_id, time, title, text, view_count) values (21, 0, 28, '2022-01-21 20:59:17', 'Kidnapping Mr. Heineken', 'Mauris sit amet eros. Suspendisse accumsan tortor quis turpis.', 384);
insert into posts (id, is_active, user_id, time, title, text, view_count) values (22, 1, 77, '2021-03-19 23:34:23', 'Bert - Den siste oskulden', 'Aliquam sit amet diam in magna bibendum imperdiet. Nullam orci pede, venenatis non, sodales sed, tincidunt eu, felis.', 3392);
insert into posts (id, is_active, user_id, time, title, text, view_count) values (23, 0, 16, '2021-09-25 03:48:21', 'The Pirates', 'Nulla ac enim.', 9210);
insert into posts (id, is_active, user_id, time, title, text, view_count) values (24, 1, 90, '2021-05-27 12:38:28', 'Gorky Park', 'Morbi odio odio, elementum eu, interdum eu, tincidunt in, leo.', 1371);
insert into posts (id, is_active, user_id, time, title, text, view_count) values (25, 1, 58, '2021-08-14 16:14:53', 'Pohjanmaa', 'Vivamus vel nulla eget eros elementum pellentesque. Quisque porta volutpat erat.', 3729);
insert into posts (id, is_active, user_id, time, title, text, view_count) values (26, 1, 70, '2021-02-06 22:57:45', 'Tsotsi', 'Fusce congue, diam id ornare imperdiet, sapien urna pretium nisl, ut volutpat sapien arcu sed augue.', 6919);
insert into posts (id, is_active, user_id, time, title, text, view_count) values (27, 1, 22, '2021-05-01 08:06:21', 'Mortal Storm, The', 'Duis bibendum.', 9903);
insert into posts (id, is_active, user_id, time, title, text, view_count) values (28, 0, 5, '2021-04-02 21:26:23', 'Valerie and Her Week of Wonders (Valerie a týden divu)', 'Praesent blandit. Nam nulla.', 7575);
insert into posts (id, is_active, user_id, time, title, text, view_count) values (29, 1, 2, '2022-01-20 14:40:05', 'Perils of the Sentimental Swordsman', 'Mauris enim leo, rhoncus sed, vestibulum sit amet, cursus id, turpis.', 5072);
insert into posts (id, is_active, user_id, time, title, text, view_count) values (30, 1, 25, '2021-11-03 20:06:00', 'Chaperone, The', 'In hac habitasse platea dictumst. Aliquam augue quam, sollicitudin vitae, consectetuer eget, rutrum at, lorem.', 7893);
insert into posts (id, is_active, user_id, time, title, text, view_count) values (31, 0, 63, '2021-10-09 14:19:07', 'Trouble with Angels, The', 'Vestibulum quam sapien, varius ut, blandit non, interdum in, ante.', 2640);
insert into posts (id, is_active, user_id, time, title, text, view_count) values (32, 0, 25, '2021-09-17 07:48:32', 'Anna Karenina', 'Lorem ipsum dolor sit amet, consectetuer adipiscing elit.', 1219);
insert into posts (id, is_active, user_id, time, title, text, view_count) values (33, 1, 84, '2022-01-22 02:30:00', 'Split Second', 'In hac habitasse platea dictumst.', 6787);
insert into posts (id, is_active, user_id, time, title, text, view_count) values (34, 1, 48, '2021-05-08 19:53:48', 'Pictures of the Old World (Obrazy starého sveta)', 'In hac habitasse platea dictumst.', 9690);
insert into posts (id, is_active, user_id, time, title, text, view_count) values (35, 1, 35, '2021-03-31 07:15:47', 'Baby, the Rain Must Fall', 'Aliquam non mauris.', 5192);
insert into posts (id, is_active, user_id, time, title, text, view_count) values (36, 0, 65, '2021-04-13 04:48:34', 'Concepción Arenal, la visitadora de cárceles', 'Duis mattis egestas metus. Aenean fermentum.', 2008);
insert into posts (id, is_active, user_id, time, title, text, view_count) values (37, 0, 52, '2021-04-07 09:54:23', 'Lumumba', 'Nulla facilisi. Cras non velit nec nisi vulputate nonummy.', 9992);
insert into posts (id, is_active, user_id, time, title, text, view_count) values (38, 0, 55, '2022-01-12 10:10:32', 'Underworld: Evolution', 'Proin risus.', 189);
insert into posts (id, is_active, user_id, time, title, text, view_count) values (39, 1, 81, '2021-07-16 05:19:28', 'Besieged (a.k.a. L'' Assedio)', 'Nam dui.', 9485);
insert into posts (id, is_active, user_id, time, title, text, view_count) values (40, 1, 93, '2021-06-28 02:21:42', 'Charly', 'In eleifend quam a odio.', 8388);
insert into posts (id, is_active, user_id, time, title, text, view_count) values (41, 0, 11, '2021-10-01 19:55:15', 'Casque d''or', 'Vestibulum ante ipsum primis in faucibus orci luctus et ultrices posuere cubilia Curae; Mauris viverra diam vitae quam.', 386);
insert into posts (id, is_active, user_id, time, title, text, view_count) values (42, 0, 39, '2021-12-16 08:57:49', 'Ernest Film Festival, The', 'Donec vitae nisi. Nam ultrices, libero non mattis pulvinar, nulla pede ullamcorper augue, a suscipit nulla elit ac nulla.', 7513);
insert into posts (id, is_active, user_id, time, title, text, view_count) values (43, 1, 90, '2021-02-20 09:15:08', 'Ballad of the Sad Cafe, The', 'Integer non velit.', 7342);
insert into posts (id, is_active, user_id, time, title, text, view_count) values (44, 1, 73, '2021-06-19 07:12:10', 'Falling Angels', 'Nam nulla.', 6482);
insert into posts (id, is_active, user_id, time, title, text, view_count) values (45, 1, 27, '2022-01-20 02:48:34', 'American Pie Presents: Band Camp (American Pie 4: Band Camp)', 'Curabitur in libero ut massa volutpat convallis. Morbi odio odio, elementum eu, interdum eu, tincidunt in, leo.', 5894);
insert into posts (id, is_active, user_id, time, title, text, view_count) values (46, 1, 25, '2021-10-18 13:08:37', 'Dying Room Only', 'Fusce consequat.', 7045);
insert into posts (id, is_active, user_id, time, title, text, view_count) values (47, 1, 20, '2021-06-24 21:08:18', 'Royal Scandal, The', 'Vestibulum ante ipsum primis in faucibus orci luctus et ultrices posuere cubilia Curae; Donec pharetra, magna vestibulum aliquet ultrices, erat tortor sollicitudin mi, sit amet lobortis sapien sapien non mi. Integer ac neque.', 6392);
insert into posts (id, is_active, user_id, time, title, text, view_count) values (48, 1, 63, '2021-08-27 14:08:35', 'Perez.', 'Nulla facilisi. Cras non velit nec nisi vulputate nonummy.', 2207);
insert into posts (id, is_active, user_id, time, title, text, view_count) values (49, 0, 26, '2021-05-02 04:41:34', 'LUV', 'Morbi quis tortor id nulla ultrices aliquet.', 2177);
insert into posts (id, is_active, user_id, time, title, text, view_count) values (50, 0, 45, '2021-08-07 00:54:47', 'WALL·E', 'Quisque porta volutpat erat.', 5029);
insert into posts (id, is_active, user_id, time, title, text, view_count) values (51, 1, 33, '2021-10-24 05:45:20', 'Mr. Nanny', 'Vivamus vestibulum sagittis sapien. Cum sociis natoque penatibus et magnis dis parturient montes, nascetur ridiculus mus.', 9048);
insert into posts (id, is_active, user_id, time, title, text, view_count) values (52, 0, 5, '2021-10-28 05:04:47', 'Too Much Sleep', 'Curabitur gravida nisi at nibh.', 7425);
insert into posts (id, is_active, user_id, time, title, text, view_count) values (53, 1, 88, '2021-08-26 09:45:33', 'Kingdom II, The (Riget II)', 'Aenean lectus. Pellentesque eget nunc.', 8281);
insert into posts (id, is_active, user_id, time, title, text, view_count) values (54, 0, 12, '2021-02-06 12:21:11', 'Open Water 2: Adrift', 'Nulla ut erat id mauris vulputate elementum.', 1251);
insert into posts (id, is_active, user_id, time, title, text, view_count) values (55, 1, 15, '2021-09-07 19:02:44', 'Under the Skin', 'Morbi non quam nec dui luctus rutrum. Nulla tellus.', 2711);
insert into posts (id, is_active, user_id, time, title, text, view_count) values (56, 0, 33, '2021-10-27 15:12:53', 'Tyler Perry''s Daddy''s Little Girls', 'Praesent id massa id nisl venenatis lacinia. Aenean sit amet justo.', 9837);
insert into posts (id, is_active, user_id, time, title, text, view_count) values (57, 1, 34, '2021-08-09 13:43:49', 'Dragon Ball: The Path to Power (Doragon bôru: Saikyô e no michi)', 'Nam congue, risus semper porta volutpat, quam pede lobortis ligula, sit amet eleifend pede libero quis orci.', 9494);
insert into posts (id, is_active, user_id, time, title, text, view_count) values (58, 1, 83, '2021-05-19 03:06:30', '11 x 14', 'Nam dui. Proin leo odio, porttitor id, consequat in, consequat ut, nulla.', 9856);
insert into posts (id, is_active, user_id, time, title, text, view_count) values (59, 0, 92, '2021-06-01 22:58:57', 'Incredible Mr. Limpet, The', 'Morbi quis tortor id nulla ultrices aliquet. Maecenas leo odio, condimentum id, luctus nec, molestie sed, justo.', 7792);
insert into posts (id, is_active, user_id, time, title, text, view_count) values (60, 0, 21, '2021-10-11 02:57:58', 'Nothing But the Night', 'Curabitur gravida nisi at nibh. In hac habitasse platea dictumst.', 1876);
insert into posts (id, is_active, user_id, time, title, text, view_count) values (61, 1, 33, '2022-01-21 14:22:22', 'McQ', 'Mauris enim leo, rhoncus sed, vestibulum sit amet, cursus id, turpis. Integer aliquet, massa id lobortis convallis, tortor risus dapibus augue, vel accumsan tellus nisi eu orci.', 6389);
insert into posts (id, is_active, user_id, time, title, text, view_count) values (62, 1, 40, '2021-05-16 18:25:33', 'All for the Winner (Dou sing)', 'Nulla justo. Aliquam quis turpis eget elit sodales scelerisque.', 5467);
insert into posts (id, is_active, user_id, time, title, text, view_count) values (63, 0, 17, '2021-09-07 03:34:35', 'Summer School', 'Proin risus.', 770);
insert into posts (id, is_active, user_id, time, title, text, view_count) values (64, 1, 99, '2021-02-20 23:31:44', 'Tales from the Organ Trade', 'Nullam orci pede, venenatis non, sodales sed, tincidunt eu, felis. Fusce posuere felis sed lacus.', 4228);
insert into posts (id, is_active, user_id, time, title, text, view_count) values (65, 1, 77, '2021-11-12 15:29:10', 'History of Kim Skov (Historien om Kim Skov)', 'Cum sociis natoque penatibus et magnis dis parturient montes, nascetur ridiculus mus. Etiam vel augue.', 2017);
insert into posts (id, is_active, user_id, time, title, text, view_count) values (66, 1, 24, '2021-08-16 00:43:04', 'Texasville', 'Lorem ipsum dolor sit amet, consectetuer adipiscing elit.', 1547);
insert into posts (id, is_active, user_id, time, title, text, view_count) values (67, 1, 13, '2021-11-12 15:02:35', 'Daisies (Sedmikrasky)', 'Fusce posuere felis sed lacus. Morbi sem mauris, laoreet ut, rhoncus aliquet, pulvinar sed, nisl.', 1352);
insert into posts (id, is_active, user_id, time, title, text, view_count) values (68, 1, 94, '2021-07-01 04:23:06', 'Great Gatsby, The', 'Quisque erat eros, viverra eget, congue eget, semper rutrum, nulla. Nunc purus.', 7214);
insert into posts (id, is_active, user_id, time, title, text, view_count) values (69, 0, 60, '2022-01-15 15:21:12', 'Saint Joan', 'Morbi non lectus. Aliquam sit amet diam in magna bibendum imperdiet.', 6541);
insert into posts (id, is_active, user_id, time, title, text, view_count) values (70, 0, 34, '2021-08-29 14:19:56', 'Melody Time', 'Cum sociis natoque penatibus et magnis dis parturient montes, nascetur ridiculus mus.', 1322);
insert into posts (id, is_active, user_id, time, title, text, view_count) values (71, 1, 47, '2021-07-26 05:07:27', 'The Mayor of Casterbridge', 'In sagittis dui vel nisl.', 6334);
insert into posts (id, is_active, user_id, time, title, text, view_count) values (72, 0, 15, '2021-06-14 03:45:32', 'Escape from Fort Bravo', 'Lorem ipsum dolor sit amet, consectetuer adipiscing elit.', 6879);
insert into posts (id, is_active, user_id, time, title, text, view_count) values (73, 1, 52, '2021-05-05 19:52:06', 'Flight from Death: The Quest for Immortality', 'Nullam sit amet turpis elementum ligula vehicula consequat. Morbi a ipsum.', 9780);
insert into posts (id, is_active, user_id, time, title, text, view_count) values (74, 1, 28, '2021-02-28 09:05:23', 'Warrendale', 'Vestibulum quam sapien, varius ut, blandit non, interdum in, ante. Vestibulum ante ipsum primis in faucibus orci luctus et ultrices posuere cubilia Curae; Duis faucibus accumsan odio.', 9189);
insert into posts (id, is_active, user_id, time, title, text, view_count) values (75, 0, 80, '2021-04-10 10:52:54', 'Drowning Pool, The', 'Duis bibendum, felis sed interdum venenatis, turpis enim blandit mi, in porttitor pede justo eu massa. Donec dapibus.', 2518);
insert into posts (id, is_active, user_id, time, title, text, view_count) values (76, 0, 74, '2021-07-14 13:01:50', 'Accattone', 'Vivamus in felis eu sapien cursus vestibulum.', 2751);
insert into posts (id, is_active, user_id, time, title, text, view_count) values (77, 0, 26, '2021-08-20 01:02:11', 'Pacific Rim', 'Proin risus.', 1349);
insert into posts (id, is_active, user_id, time, title, text, view_count) values (78, 0, 59, '2021-05-28 00:43:02', 'Les Lyonnais', 'In est risus, auctor sed, tristique in, tempus sit amet, sem. Fusce consequat.', 4593);
insert into posts (id, is_active, user_id, time, title, text, view_count) values (79, 0, 81, '2021-11-11 08:02:30', 'Where the Sidewalk Ends', 'Donec dapibus. Duis at velit eu est congue elementum.', 1177);
insert into posts (id, is_active, user_id, time, title, text, view_count) values (80, 0, 77, '2022-01-10 11:28:57', 'Hiroshima', 'Aenean lectus. Pellentesque eget nunc.', 3498);
insert into posts (id, is_active, user_id, time, title, text, view_count) values (81, 1, 81, '2021-07-31 07:35:33', 'Brief History of Time, A', 'Integer aliquet, massa id lobortis convallis, tortor risus dapibus augue, vel accumsan tellus nisi eu orci.', 4243);
insert into posts (id, is_active, user_id, time, title, text, view_count) values (82, 1, 11, '2021-11-15 10:03:32', 'Man Behind the Gun, The', 'In est risus, auctor sed, tristique in, tempus sit amet, sem.', 1831);
insert into posts (id, is_active, user_id, time, title, text, view_count) values (83, 0, 49, '2021-03-29 04:31:08', 'Stalker', 'In hac habitasse platea dictumst. Maecenas ut massa quis augue luctus tincidunt.', 6868);
insert into posts (id, is_active, user_id, time, title, text, view_count) values (84, 1, 3, '2021-06-02 23:11:34', 'Campus Man', 'Aenean fermentum. Donec ut mauris eget massa tempor convallis.', 3018);
insert into posts (id, is_active, user_id, time, title, text, view_count) values (85, 1, 97, '2021-07-04 08:21:05', 'Day, The', 'Vivamus vel nulla eget eros elementum pellentesque. Quisque porta volutpat erat.', 733);
insert into posts (id, is_active, user_id, time, title, text, view_count) values (86, 0, 22, '2021-09-13 06:51:55', 'American Madness', 'Donec posuere metus vitae ipsum.', 797);
insert into posts (id, is_active, user_id, time, title, text, view_count) values (87, 0, 54, '2021-02-25 13:30:47', 'My Soul to Take', 'Vestibulum ac est lacinia nisi venenatis tristique.', 9224);
insert into posts (id, is_active, user_id, time, title, text, view_count) values (88, 1, 83, '2021-02-07 11:22:48', 'Mansfield Park', 'Nulla nisl. Nunc nisl.', 2660);
insert into posts (id, is_active, user_id, time, title, text, view_count) values (89, 1, 39, '2021-03-09 15:23:04', 'No Way Back', 'In hac habitasse platea dictumst.', 3901);
insert into posts (id, is_active, user_id, time, title, text, view_count) values (90, 0, 43, '2021-02-26 15:11:43', 'Machinist, The (Maquinista, El)', 'Fusce consequat.', 9434);
insert into posts (id, is_active, user_id, time, title, text, view_count) values (91, 0, 86, '2022-01-24 11:24:59', 'Overnight Delivery', 'Integer ac leo.', 9247);
insert into posts (id, is_active, user_id, time, title, text, view_count) values (92, 1, 91, '2021-04-26 16:11:09', 'Raanjhanaa', 'Nunc nisl.', 6912);
insert into posts (id, is_active, user_id, time, title, text, view_count) values (93, 0, 38, '2021-12-20 23:17:23', 'All''s Well', 'Praesent id massa id nisl venenatis lacinia.', 9852);
insert into posts (id, is_active, user_id, time, title, text, view_count) values (94, 1, 92, '2021-03-27 00:14:47', 'Ween Live in Chicago', 'Maecenas ut massa quis augue luctus tincidunt. Nulla mollis molestie lorem.', 3100);
insert into posts (id, is_active, user_id, time, title, text, view_count) values (95, 1, 7, '2021-04-28 15:31:21', 'Someone Else''s America', 'Fusce posuere felis sed lacus. Morbi sem mauris, laoreet ut, rhoncus aliquet, pulvinar sed, nisl.', 4110);
insert into posts (id, is_active, user_id, time, title, text, view_count) values (96, 1, 99, '2021-07-10 08:38:45', 'Lili''s Apron', 'Proin risus. Praesent lectus.', 100);
insert into posts (id, is_active, user_id, time, title, text, view_count) values (97, 0, 73, '2022-01-18 19:03:26', 'Consuming Kids: The Commercialization of Childhood', 'Phasellus id sapien in sapien iaculis congue.', 1980);
insert into posts (id, is_active, user_id, time, title, text, view_count) values (98, 1, 40, '2021-08-01 16:54:45', 'Winnetou: The Red Gentleman', 'Donec ut mauris eget massa tempor convallis.', 5035);
insert into posts (id, is_active, user_id, time, title, text, view_count) values (99, 0, 50, '2021-10-29 04:08:01', 'Nugget, The', 'Donec dapibus.', 9023);
insert into posts (id, is_active, user_id, time, title, text, view_count) values (100, 0, 11, '2021-02-07 07:07:53', 'Perils of Pauline, The', 'Proin interdum mauris non ligula pellentesque ultrices. Phasellus id sapien in sapien iaculis congue.', 5084);
